{
  "utooth_10f_v1": {
    "0": {
      "checkpoint": "utooth-epoch=27-val_loss=0.4822.ckpt",
      "iou": 0.412068809568882,
      "dice": 0.48644537925720216,
      "binary_iou": 0.40654731515678577,
      "val_loss": 0.5103166699409485,
      "iou_std": 0.3174987161943823,
      "dice_std": 0.3482044232972752,
      "binary_iou_std": 0.31254510494384036
    },
    "1": {
      "checkpoint": "utooth-epoch=38-val_loss=0.1030.ckpt",
      "iou": 0.8220512866973877,
      "dice": 0.8998617053031921,
      "binary_iou": 0.8217203259468079,
      "val_loss": 0.10273880958557129,
      "iou_std": 0.02812108134682518,
      "dice_std": 0.020107135974118607,
      "binary_iou_std": 0.02902086096638089
    },
    "2": {
      "checkpoint": "utooth-epoch=47-val_loss=0.1092.ckpt",
      "iou": 0.7784868478775024,
      "dice": 0.8539420366287231,
      "binary_iou": 0.8157677769660949,
      "val_loss": 0.10959461927413941,
      "iou_std": 0.0611289940962464,
      "dice_std": 0.0761534561018118,
      "binary_iou_std": 0.026911447797547366
    },
    "3": {
      "checkpoint": "utooth-epoch=42-val_loss=0.1471.ckpt",
      "iou": 0.6759134368039668,
      "dice": 0.7341370785608887,
      "binary_iou": 0.6775501478463412,
      "val_loss": 0.2673556089401245,
      "iou_std": 0.33569615066307296,
      "dice_std": 0.361287744510964,
      "binary_iou_std": 0.33425958602114536
    },
    "4": {
      "checkpoint": "utooth-epoch=40-val_loss=0.1133.ckpt",
      "iou": 0.8098550319671631,
      "dice": 0.8758393168449402,
      "binary_iou": 0.7967708945274353,
      "val_loss": 0.11773444414138794,
      "iou_std": 0.08084095019254763,
      "dice_std": 0.08105337506582944,
      "binary_iou_std": 0.05553873288943217
    },
    "5": {
      "checkpoint": "utooth-epoch=45-val_loss=0.1694.ckpt",
      "iou": 0.710751736164093,
      "dice": 0.8061705827713013,
      "binary_iou": 0.7164921045303345,
      "val_loss": 0.1761638879776001,
      "iou_std": 0.12505785137816,
      "dice_std": 0.11528630360582146,
      "binary_iou_std": 0.12360494455555765
    },
    "6": {
      "checkpoint": "utooth-epoch=42-val_loss=0.1304.ckpt",
      "iou": 0.7801879644393921,
      "dice": 0.8729234457015991,
      "binary_iou": 0.7812267899513244,
      "val_loss": 0.12789630889892578,
      "iou_std": 0.058196757941332035,
      "dice_std": 0.03939505553671496,
      "binary_iou_std": 0.05478070931503299
    },
    "7": {
      "checkpoint": "utooth-epoch=46-val_loss=0.1095.ckpt",
      "iou": 0.7945512294769287,
      "dice": 0.8690603375434875,
      "binary_iou": 0.8015695095062256,
      "val_loss": 0.11399085521697998,
      "iou_std": 0.06760151705919219,
      "dice_std": 0.07287309766501944,
      "binary_iou_std": 0.05956239470448637
    },
    "8": {
      "checkpoint": "utooth-epoch=28-val_loss=0.1147.ckpt",
      "iou": 0.7976205497980118,
      "dice": 0.8861417472362518,
      "binary_iou": 0.801547184586525,
      "val_loss": 0.11480104923248291,
      "iou_std": 0.021096720976052884,
      "dice_std": 0.013941482375121224,
      "binary_iou_std": 0.017955211341231965
    },
    "9": {
      "checkpoint": "utooth-epoch=32-val_loss=0.1551.ckpt",
      "iou": 0.7496230900287628,
      "dice": 0.8515186309814453,
      "binary_iou": 0.7413718700408936,
      "val_loss": 0.15602372586727142,
      "iou_std": 0.050935930265541406,
      "dice_std": 0.03741050608423135,
      "binary_iou_std": 0.05742746656239453
    }
  },
  "utooth_10f_v2": {
    "0": {
      "checkpoint": "utooth-epoch=44-val_loss=0.1719.ckpt",
      "iou": 0.656254518032074,
      "dice": 0.7188246965408325,
      "binary_iou": 0.6504668474197388,
      "val_loss": 0.28777294158935546,
      "iou_std": 0.3302513468347724,
      "dice_std": 0.3603464322463949,
      "binary_iou_std": 0.32872580774530125
    },
    "1": {
      "checkpoint": "utooth-epoch=25-val_loss=0.1176.ckpt",
      "iou": 0.8267170190811157,
      "dice": 0.90457763671875,
      "binary_iou": 0.8268482327461243,
      "val_loss": 0.10356340408325196,
      "iou_std": 0.02792682959653248,
      "dice_std": 0.016931723090259875,
      "binary_iou_std": 0.028464722543597665
    },
    "2": {
      "checkpoint": "utooth-epoch=21-val_loss=0.3253.ckpt",
      "iou": 0.834211778640747,
      "dice": 0.9083398461341858,
      "binary_iou": 0.8183692455291748,
      "val_loss": 0.11736885309219361,
      "iou_std": 0.04646310421622142,
      "dice_std": 0.026487802366546992,
      "binary_iou_std": 0.02133027709763054
    },
    "3": {
      "checkpoint": "utooth-epoch=44-val_loss=0.1542.ckpt",
      "iou": 0.8355654835700989,
      "dice": 0.9088652491569519,
      "binary_iou": 0.8399479627609253,
      "val_loss": 0.09322850704193116,
      "iou_std": 0.05629928581025755,
      "dice_std": 0.035750366368663876,
      "binary_iou_std": 0.048149686969154414
    },
    "4": {
      "checkpoint": "utooth-epoch=49-val_loss=0.1106.ckpt",
      "iou": 0.8688907027244568,
      "dice": 0.9289452433586121,
      "binary_iou": 0.8536769866943359,
      "val_loss": 0.0829077959060669,
      "iou_std": 0.032766497683535754,
      "dice_std": 0.0184021142442617,
      "binary_iou_std": 0.019103234707448204
    },
    "5": {
      "checkpoint": "utooth-epoch=38-val_loss=0.1226.ckpt",
      "iou": 0.8384571433067322,
      "dice": 0.9116828560829162,
      "binary_iou": 0.8405586838722229,
      "val_loss": 0.09462919235229492,
      "iou_std": 0.016509126705394155,
      "dice_std": 0.009999758432925927,
      "binary_iou_std": 0.015139764469749118
    },
    "6": {
      "checkpoint": "utooth-epoch=49-val_loss=0.1060.ckpt",
      "iou": 0.8474879264831543,
      "dice": 0.9171651601791382,
      "binary_iou": 0.8469668388366699,
      "val_loss": 0.0881168007850647,
      "iou_std": 0.01110625865115956,
      "dice_std": 0.0066986084195460645,
      "binary_iou_std": 0.01207937378092188
    },
    "7": {
      "checkpoint": "utooth-epoch=30-val_loss=0.2015.ckpt",
      "iou": 0.8232410788536072,
      "dice": 0.9024832963943481,
      "binary_iou": 0.8255614876747132,
      "val_loss": 0.10028468370437622,
      "iou_std": 0.017842602529249647,
      "dice_std": 0.0108229722879996,
      "binary_iou_std": 0.01682872712759759
    },
    "8": {
      "checkpoint": "utooth-epoch=49-val_loss=0.1454.ckpt",
      "iou": 0.8697701841592789,
      "dice": 0.9301714152097702,
      "binary_iou": 0.8700826019048691,
      "val_loss": 0.07447004318237305,
      "iou_std": 0.0049019977902149325,
      "dice_std": 0.0028800593092664617,
      "binary_iou_std": 0.005372251668480891
    },
    "9": {
      "checkpoint": "utooth-epoch=31-val_loss=0.1688.ckpt",
      "iou": 0.8120519518852234,
      "dice": 0.8957370668649673,
      "binary_iou": 0.8116923868656158,
      "val_loss": 0.11416415870189667,
      "iou_std": 0.02067169805609068,
      "dice_std": 0.012824438136752636,
      "binary_iou_std": 0.021021865474337362
    }
  },
  "utooth_10f_v3": {
    "0": {
      "checkpoint": "utooth-epoch=56-val_loss=0.1157.ckpt",
      "iou": 0.698294711112976,
      "dice": 0.7455633044242859,
      "binary_iou": 0.6983743906021118,
      "val_loss": 0.2571381449699402,
      "iou_std": 0.34953243164449427,
      "dice_std": 0.37289959661959954,
      "binary_iou_std": 0.349570016881473
    },
    "1": {
      "checkpoint": "utooth-epoch=48-val_loss=0.1038.ckpt",
      "iou": 0.8770802855491638,
      "dice": 0.9344018459320068,
      "binary_iou": 0.8773610115051269,
      "val_loss": 0.06975718736648559,
      "iou_std": 0.01493972341098767,
      "dice_std": 0.008566227325872117,
      "binary_iou_std": 0.014698349367105925
    },
    "2": {
      "checkpoint": "utooth-epoch=47-val_loss=0.3371.ckpt",
      "iou": 0.8828117370605468,
      "dice": 0.9371585130691529,
      "binary_iou": 0.8700107574462891,
      "val_loss": 0.07845495939254761,
      "iou_std": 0.0297190592788601,
      "dice_std": 0.016392750040407807,